CREATE DATABASE  IF NOT EXISTS `khachsan` /*!40100 DEFAULT CHARACTER SET utf8mb4 COLLATE utf8mb4_general_ci */ /*!80016 DEFAULT ENCRYPTION='N' */;
USE `khachsan`;
-- MySQL dump 10.13  Distrib 8.0.34, for Win64 (x86_64)
--
-- Host: localhost    Database: khachsan
-- ------------------------------------------------------
-- Server version	8.0.35

/*!40101 SET @OLD_CHARACTER_SET_CLIENT=@@CHARACTER_SET_CLIENT */;
/*!40101 SET @OLD_CHARACTER_SET_RESULTS=@@CHARACTER_SET_RESULTS */;
/*!40101 SET @OLD_COLLATION_CONNECTION=@@COLLATION_CONNECTION */;
/*!50503 SET NAMES utf8 */;
/*!40103 SET @OLD_TIME_ZONE=@@TIME_ZONE */;
/*!40103 SET TIME_ZONE='+00:00' */;
/*!40014 SET @OLD_UNIQUE_CHECKS=@@UNIQUE_CHECKS, UNIQUE_CHECKS=0 */;
/*!40014 SET @OLD_FOREIGN_KEY_CHECKS=@@FOREIGN_KEY_CHECKS, FOREIGN_KEY_CHECKS=0 */;
/*!40101 SET @OLD_SQL_MODE=@@SQL_MODE, SQL_MODE='NO_AUTO_VALUE_ON_ZERO' */;
/*!40111 SET @OLD_SQL_NOTES=@@SQL_NOTES, SQL_NOTES=0 */;

--
-- Table structure for table `admin`
--

DROP TABLE IF EXISTS `admin`;
/*!40101 SET @saved_cs_client     = @@character_set_client */;
/*!50503 SET character_set_client = utf8mb4 */;
CREATE TABLE `admin` (
  `username` varchar(50) COLLATE utf8mb4_general_ci NOT NULL,
  `password` varchar(45) COLLATE utf8mb4_general_ci NOT NULL,
  PRIMARY KEY (`username`)
) ENGINE=InnoDB DEFAULT CHARSET=utf8mb4 COLLATE=utf8mb4_general_ci;
/*!40101 SET character_set_client = @saved_cs_client */;

--
-- Dumping data for table `admin`
--

LOCK TABLES `admin` WRITE;
/*!40000 ALTER TABLE `admin` DISABLE KEYS */;
INSERT INTO `admin` VALUES ('admin','admin');
/*!40000 ALTER TABLE `admin` ENABLE KEYS */;
UNLOCK TABLES;

--
-- Table structure for table `employee`
--

DROP TABLE IF EXISTS `employee`;
/*!40101 SET @saved_cs_client     = @@character_set_client */;
/*!50503 SET character_set_client = utf8mb4 */;
CREATE TABLE `employee` (
  `id` int NOT NULL AUTO_INCREMENT,
  `name` varchar(50) CHARACTER SET utf8mb3 COLLATE utf8mb3_general_ci NOT NULL,
  `ngaysinh` date NOT NULL,
  `gioitinh` tinyint NOT NULL,
  `position` varchar(45) COLLATE utf8mb4_general_ci NOT NULL,
  PRIMARY KEY (`id`)
) ENGINE=InnoDB AUTO_INCREMENT=36 DEFAULT CHARSET=utf8mb4 COLLATE=utf8mb4_general_ci;
/*!40101 SET character_set_client = @saved_cs_client */;

--
-- Dumping data for table `employee`
--

LOCK TABLES `employee` WRITE;
/*!40000 ALTER TABLE `employee` DISABLE KEYS */;
INSERT INTO `employee` VALUES (2,'Lê Đình Nhuận','2005-12-28',1,'Bảo vệ'),(7,'Dương Chí Bảo','2005-12-12',1,'Bảo vệ'),(8,'Đoàn Ngọc Ánh','2005-12-12',1,'Tiếp tân'),(9,'Lê Đình Nhân','2005-12-28',1,'Tiếp tân'),(15,'Nguyễn Thị Kim Huyền','2005-08-16',0,'Tiếp tân'),(16,'Lê Trương Hoàng Nguyên','2005-05-31',1,'Tiếp tân'),(17,'Hồ Thanh Quảng','2004-07-30',1,'Tiếp tân'),(18,'Đặng Spring Tiến','1999-01-19',1,'Tiếp tân'),(19,'Nguyễn Viết Định','2005-03-28',1,'Phục vụ'),(20,'Nguyễn Quốc Hoàng','2005-10-29',1,'Phục vụ'),(22,'Lê Thị Mơ','2005-01-20',0,'Tiếp tân'),(32,'Tùng Lâm','2005-09-09',1,'Tiếp tân'),(34,'Hồ Văn Tính','2005-03-06',1,'Phục vụ'),(35,'Lê Văn Quân','2006-01-19',1,'Bảo vệ');
/*!40000 ALTER TABLE `employee` ENABLE KEYS */;
UNLOCK TABLES;

--
-- Table structure for table `hoadon`
--

DROP TABLE IF EXISTS `hoadon`;
/*!40101 SET @saved_cs_client     = @@character_set_client */;
/*!50503 SET character_set_client = utf8mb4 */;
CREATE TABLE `hoadon` (
  `stt` int NOT NULL AUTO_INCREMENT,
  `cccd` varchar(45) COLLATE utf8mb4_general_ci NOT NULL,
  `roomNumber` int DEFAULT NULL,
  `ngaynhan` date DEFAULT NULL,
  `ngaytra` date DEFAULT NULL,
  `gia` double DEFAULT NULL,
  PRIMARY KEY (`stt`),
  UNIQUE KEY `stt_UNIQUE` (`stt`),
  KEY `roomNumber` (`roomNumber`),
  CONSTRAINT `hoadon_ibfk_3` FOREIGN KEY (`roomNumber`) REFERENCES `phong` (`sophong`),
  CONSTRAINT `hoadon_ibfk_4` FOREIGN KEY (`stt`) REFERENCES `khachhang` (`stt`) ON DELETE CASCADE ON UPDATE CASCADE
) ENGINE=InnoDB AUTO_INCREMENT=140 DEFAULT CHARSET=utf8mb4 COLLATE=utf8mb4_general_ci;
/*!40101 SET character_set_client = @saved_cs_client */;

--
-- Dumping data for table `hoadon`
--

LOCK TABLES `hoadon` WRITE;
/*!40000 ALTER TABLE `hoadon` DISABLE KEYS */;
INSERT INTO `hoadon` VALUES (1,'011225885762',12,'2023-09-23','2023-09-26',2000000),(2,'013225885762',19,'2023-09-24','2023-09-27',2000000),(3,'014225885666',16,'2023-09-25','2023-09-28',2000000),(4,'014225885670',15,'2023-09-26','2023-09-29',2000000),(5,'014225885762',11,'2023-09-27','2023-09-30',2000000),(6,'014225885763',8,'2023-10-20','2023-10-22',1500000),(7,'024664551224',2,'2023-10-22','2023-10-24',1500000),(8,'034225997882',1,'2023-10-24','2023-10-26',1500000),(9,'037605559772',3,'2023-10-26','2023-10-28',1500000),(10,'040505808910',13,'2023-10-27','2023-10-29',1500000),(11,'041205005984',18,'2023-10-28','2023-10-29',1000000),(12,'041205005998',17,'2023-11-05','2023-11-06',1000000),(13,'041205223662',2,'2023-11-07','2023-11-09',1500000),(14,'041225887665',2,'2023-11-08','2023-11-09',1000000),(15,'041235635225',3,'2023-11-09','2023-11-10',2000000),(16,'041258789988',9,'2023-11-10','2023-11-13',2000000),(17,'041321885667',7,'2023-11-14','2023-11-14',500000),(18,'041552885670',3,'2023-11-15','2023-11-16',1000000),(19,'042053063094',12,'2023-11-18','2023-11-20',1500000),(20,'042056088889',11,'2023-11-19','2023-11-20',1000000),(21,'042203334557',10,'2023-11-20','2023-11-23',2000000),(22,'042205661335',6,'2023-11-26','2023-11-28',1500000),(23,'042255331267',5,'2023-11-27','2023-11-30',2000000),(24,'042558559558',2,'2023-11-28','2023-11-30',1500000),(25,'042563236665',1,'2023-11-29','2023-11-30',1000000),(26,'043205006984',11,'2023-11-30','2023-12-01',1000000),(27,'042885774116',11,'2023-12-04','2023-12-06',1500000),(28,'043206005007',10,'2023-12-04','2023-12-06',1500000),(29,'043206335335',5,'2023-12-04','2023-12-06',1500000),(30,'045205441448',5,'2023-12-04','2023-12-05',1000000),(31,'046120112225',15,'2023-12-03','2023-12-03',500000),(32,'046201004664',12,'2023-12-02','2023-12-05',2000000),(33,'046201223335',20,'2023-12-02','2023-12-05',2000000),(34,'046202002222',20,'2023-12-01','2023-12-02',1000000),(35,'046202002220',27,'2023-12-01','2023-12-02',1000000),(36,'046205000982',55,'2023-12-30','2024-01-01',1500000),(38,'043205006983',4,'2023-12-31','2024-01-01',1000000),(39,'046205305983',1,'2024-01-01','2024-01-01',500000),(42,'042053063093',4,'2024-01-01','2024-01-01',500000),(45,'041552885669',2,'2024-01-01','2024-01-02',1000000),(47,'041235635224',1,'2024-01-02','2024-01-02',500000),(48,'046255778996',2,'2024-01-02','2024-01-02',500000),(52,'046205002394',5,'2024-01-03','2024-01-03',500000),(53,'041321885666',1,'2024-01-03','2024-01-04',1000000),(54,'047258369456',1,'2024-01-04','2024-01-05',1000000),(62,'046205003982',3,'2024-01-07','2024-01-07',500000),(63,'074885664333',1,'2024-01-07','2024-01-07',500000),(65,'041258789987',1,'2024-01-07','2024-01-07',500000),(67,'055205221112',2,'2024-01-07','2024-01-07',500000),(68,'055205221113',1,'2024-01-07','2024-01-08',1000000),(69,'055241114552',2,'2024-01-07','2024-01-08',1000000),(70,'046205005987',3,'2024-01-08','2024-01-08',500000),(71,'042558559557',1,'2024-01-09','2024-01-09',500000),(72,'047008997889',1,'2024-01-10','2024-01-10',500000),(73,'046205225663',2,'2024-01-10','2024-01-10',500000),(74,'045205441447',3,'2024-01-10','2024-01-10',500000),(75,'041205005997',1,'2024-01-12','2024-01-12',500000),(77,'046225441225',3,'2024-01-12','2024-01-12',500000),(78,'046225441220',4,'2024-01-12','2024-01-12',500000),(79,'046120112224',4,'2024-01-12','2024-01-12',500000),(80,'046201223334',7,'2024-01-12','2024-01-12',500000),(82,'046203001004',3,'2024-01-12','2024-01-12',500000),(83,'040505808909',8,'2024-01-12','2024-01-12',500000),(86,'048755776994',4,'2024-01-12','2024-01-13',1000000),(87,'048755776999',1,'2024-01-12','2024-01-13',1000000),(88,'047118547964',1,'2024-01-13','2024-01-14',1000000),(89,'046205005771',1,'2024-01-14','2024-01-14',500000),(90,'046205005772',2,'2024-01-14','2024-01-14',500000),(91,'046335334331',11,'2024-01-14','2024-01-14',500000),(92,'046205553441',2,'2024-01-14','2024-01-14',500000),(93,'042205661334',1,'2024-01-14','2024-01-14',500000),(94,'078204660331',1,'2024-01-14','2024-01-14',500000),(95,'046207005984',1,'2024-01-15','2024-01-15',500000),(98,'046205551123',1,'2024-01-15','2024-01-15',500000),(99,'046205003987',1,'2024-01-16','2024-01-16',500000),(100,'042203334556',2,'2024-01-16','2024-01-16',500000),(101,'043206335334',1,'2024-01-16','2024-01-16',500000),(102,'034225997881',3,'2024-01-16','2024-01-16',500000),(103,'046208006337',1,'2024-01-16','2024-01-16',500000),(104,'049205005666',1,'2024-01-17','2024-01-17',500000),(105,'075205005987',2,'2024-01-17','2024-01-17',500000),(107,'014225885665',1,'2024-01-17','2024-01-17',500000),(108,'014225885669',2,'2024-01-17','2024-01-18',1000000),(109,'014225885760',3,'2024-01-17','2024-01-20',2000000),(110,'014225885761',6,'2024-01-17','2024-01-17',500000),(111,'013225885761',5,'2024-01-17','2024-01-17',500000),(112,'011225885761',8,'2024-01-17','2024-01-17',500000),(113,'037605559771',10,'2024-01-17','2024-01-18',1000000),(115,'046203335663',1,'2024-01-17','2024-01-18',1000000),(116,'041225887664',4,'2024-01-17','2024-01-17',500000),(117,'041205223661',4,'2024-01-17','2024-01-21',2500000),(118,'046203331225',5,'2024-01-18','2024-01-18',500000),(119,'024664551223',6,'2024-01-18','2024-01-18',500000),(120,'042885774115',7,'2024-01-18','2024-01-20',1500000),(121,'046205331229',8,'2024-01-18','2024-01-20',1500000),(122,'046205331222',11,'2024-01-18','2024-01-21',2000000),(124,'047205664112',1,'2024-01-18','2024-01-20',1500000),(131,'046205220330',1,'2024-01-22','2024-01-23',1000000),(133,'046205005982',2,'2024-01-23','2024-01-23',500000),(139,'046235005987',1,'2024-01-23','2024-01-23',500000);
/*!40000 ALTER TABLE `hoadon` ENABLE KEYS */;
UNLOCK TABLES;

--
-- Table structure for table `khachhang`
--

DROP TABLE IF EXISTS `khachhang`;
/*!40101 SET @saved_cs_client     = @@character_set_client */;
/*!50503 SET character_set_client = utf8mb4 */;
CREATE TABLE `khachhang` (
  `stt` int NOT NULL AUTO_INCREMENT,
  `cccd` varchar(45) CHARACTER SET utf8mb3 COLLATE utf8mb3_general_ci NOT NULL,
  `name` varchar(50) CHARACTER SET utf8mb3 COLLATE utf8mb3_general_ci DEFAULT NULL,
  `ngaysinh` date DEFAULT NULL,
  PRIMARY KEY (`stt`),
  UNIQUE KEY `stt_UNIQUE` (`stt`),
  KEY `idx_cccd` (`cccd`)
) ENGINE=InnoDB AUTO_INCREMENT=140 DEFAULT CHARSET=utf8mb4 COLLATE=utf8mb4_general_ci;
/*!40101 SET character_set_client = @saved_cs_client */;

--
-- Dumping data for table `khachhang`
--

LOCK TABLES `khachhang` WRITE;
/*!40000 ALTER TABLE `khachhang` DISABLE KEYS */;
INSERT INTO `khachhang` VALUES (1,'011225885762','Nguyễn Văn Tùng','2001-05-05'),(2,'013225885762','Lê Quang Thiện','1998-05-05'),(3,'014225885666','Lê Quang Thuấn','1998-05-05'),(4,'014225885670','Hà Quang Công','1998-05-05'),(5,'014225885762','Hà Văn Thống','1999-05-05'),(6,'014225885763','Hà Nam Ninh','1989-05-05'),(7,'024664551224','Tôn Trung Sơn','1990-05-05'),(8,'034225997882','Trần Văn Minh','1999-05-05'),(9,'037605559772','Trần Anh Tuấn','1997-05-05'),(10,'040505808910','Trần Anh Văn','1967-05-05'),(11,'041205005984','Johan Cruyff','1960-05-05'),(12,'041205005998','Ankara Suarez','1982-05-05'),(13,'041205223662','Ankara KAKA','1980-05-05'),(14,'041225887665','Ankara Messi','1987-05-05'),(15,'041235635225','Lionel Messi','1987-05-05'),(16,'041258789988','Magnus Carsel','1987-05-05'),(17,'041321885667','Hirohito','1968-02-01'),(18,'041552885670','Bernito Musolini','1966-02-01'),(19,'042053063094','Adolf Hitler','1966-02-01'),(20,'042056088889','Triệu Tử Long','1987-02-01'),(21,'042203334557','Lâm Giáo Đầu','1980-02-01'),(22,'042205661335','Đông Phương Bất Bại','1989-02-01'),(23,'042255331267','Lệnh Hồ Xung','1990-02-01'),(24,'042558559558','Tần Doanh Chính','1940-02-01'),(25,'042563236665','Chu Du','1960-02-01'),(26,'043205006984','Tư Mã Ý','1955-02-01'),(27,'042885774116','Tư Mã Thiên','1970-02-01'),(28,'043206005007','Gia Cát Lượng','1969-02-01'),(29,'043206335335','Tạ Tốn','1989-02-01'),(30,'045205441448','Trương Vô Kỵ','1988-02-01'),(31,'046120112225','Khương Tử Nha','1980-02-01'),(32,'046201004664','Nguyễn Lương Hoàng Ánh','1999-02-01'),(33,'046201223335','Thành Hiển','1977-02-01'),(34,'046202002222','Đỗ Thanh Hiền','2005-02-01'),(35,'046202002220','Đỗ Thanh Huyền','2005-01-01'),(36,'046205000982','Dương Nam','2003-11-11'),(37,'041205005983','Dương Văn Bảo','2005-11-09'),(38,'043205006983','Hồ Văn Nam','1980-10-20'),(39,'046205305983','Lê Duy Cung','2001-03-03'),(40,'043206005006','Hồ Văn Ẩn','1999-12-25'),(41,'042056088888','Hồ Thị Như Quỳnh','2003-10-20'),(42,'042053063093','Dương Văn Nhật Vũ','2002-12-11'),(45,'041552885669','Hồ Trị An','1963-12-24'),(46,'052063963336','Nguyễn Hoàng Nguyên','2005-12-15'),(47,'041235635224','Nguyễn Hoàng Long','2001-12-17'),(48,'046255778996','Huỳnh Ngọc Biểu','2005-06-19'),(49,'042563236664','Nguyễn Tiến Đạt','2004-03-18'),(52,'046205002394','Hồ Thanh Quãng','2004-07-30'),(53,'041321885666','Lê Thị Hoàng Dung','2001-12-29'),(54,'047258369456','Lê Nguyễn Phước Lâm','2005-04-17'),(62,'046205003982','Đặng Spring Tiến','2005-08-19'),(63,'074885664333','Lê Hoàng Nam','1998-02-17'),(64,'042255331266','Lê Văn Thành Nhân','2005-04-30'),(65,'041258789987','Đoàn Thị Ngọc Ánh','2005-04-05'),(67,'055205221112','Trần Văn Phôn','2005-04-04'),(68,'055205221113','Huỳnh Văn Phôn','2005-04-01'),(69,'055241114552','Phạm Trưởng','2006-01-02'),(70,'046205005987','Trương Hùng Phúc','2005-08-09'),(71,'042558559557','Khương Thị Bảo Minh','2005-09-18'),(72,'047008997889','Lê Thị Quỳnh Hương','2005-08-19'),(73,'046205225663','Hồ Thị Ngọc Anh','2005-08-19'),(74,'045205441447','Nguyễn Hoàng Yến','2004-09-09'),(75,'041205005997','Nguyễn Thị Thanh Hiền','2005-12-17'),(77,'046225441225','Nguyễn Lương Hoàng Anh','2005-07-07'),(78,'046225441220','Nguyễn Quốc Hoàng Trung','2005-07-08'),(79,'046120112224','Nguyễn Thị Khánh Huyền','2005-01-19'),(80,'046201223334','Trần Phạm Trung Kiên','2004-09-09'),(81,'046201223333','Nguyễn Quốc Tấn Trung','2004-09-09'),(82,'046203001004','Nguyễn Thị Thu Trang','2005-10-28'),(83,'040505808909','Lê Thị Huyền Trang','2005-06-07'),(86,'048755776994','Hồ Thị Minh Sang','1988-06-14'),(87,'048755776999','Hồ Văn Phi','1988-06-14'),(88,'047118547964','Đặng Văn Trung','2005-12-07'),(89,'046205005771','Lê Thúy Hoàn','2005-05-27'),(90,'046205005772','Hồ Thị Ngọc Anh','2005-06-27'),(91,'046335334331','Nguyễn Thị Anh Thư','2005-06-27'),(92,'046205553441','Khương Thị Bảo Minh','2005-04-17'),(93,'042205661334','Đinh Nữ Đông Nghi','2005-08-19'),(94,'078204660331','Nguyễn Thị Yến Nhi','2005-10-13'),(95,'046207005984','Lê Văn Thành Nhân','2005-04-03'),(96,'048205558997','Hà Văn Tuấn','2005-01-19'),(98,'046205551123','Võ Văn Pháp','2005-12-03'),(99,'046205003987','Nguyễn Quốc Hoàng','2005-09-09'),(100,'042203334556','Dương Văn Minh','1990-01-13'),(101,'043206335334','Phan Tiến','2005-10-10'),(102,'034225997881','Nguyễn Khánh Hoàng','2005-10-30'),(103,'046208006337','Trần Nguyên Hưng','2005-07-17'),(104,'049205005666','Dương Nhật Vũ','2001-01-28'),(105,'075205005987','Hồ Khắc Anh Quân','1983-04-14'),(107,'014225885665','Hồ Lê Quang Huy','2002-08-17'),(108,'014225885669','Phan Văn Duẩn','1996-01-24'),(109,'014225885760','Phan Minh Tuyển','1999-05-26'),(110,'014225885761','Lê Hoàng Gia Bảo','1967-03-28'),(111,'013225885761','Hồ Đình Nhân','1975-03-28'),(112,'011225885761','Nguyễn Lê Quốc Dũng','2004-03-28'),(113,'037605559771','Lê Minh Hoàng','2003-09-17'),(114,'046203335662','Trương Thúy Vân','2001-03-27'),(115,'046203335663','Hoa Xuân Ánh','1967-05-23'),(116,'041225887664','Trương Anh Ngọc','2001-08-29'),(117,'041205223661','Hoàng Trọng Nghĩa','2001-05-16'),(118,'046203331225','Võ Văn Pháp','2005-09-14'),(119,'024664551223','Nguyễn Văn Trọng','1978-05-06'),(120,'042885774115','Lê Văn Quốc Trung','2001-03-24'),(121,'046205331229','Nguyễn Tùng Lâm','2005-09-16'),(122,'046205331222','Lê Quốc Phong','2005-10-24'),(123,'046206005986','Hồ Thanh Nghĩa','2006-10-24'),(124,'047205664112','Lí Trực Hữu','1978-03-24'),(131,'046205220330','Hồ Phạm Đăng Nhân','2005-09-09'),(132,'046203331114','Hồ Phạm Đăng Khoa','2005-09-09'),(133,'046205005982','Le Dinh Nhuan','2005-10-28'),(137,'046205005981','Phan Thị Ánh Mai','2005-09-13'),(139,'046235005987','Dương Trung Tính','2005-09-09');
/*!40000 ALTER TABLE `khachhang` ENABLE KEYS */;
UNLOCK TABLES;

--
-- Table structure for table `manager`
--

DROP TABLE IF EXISTS `manager`;
/*!40101 SET @saved_cs_client     = @@character_set_client */;
/*!50503 SET character_set_client = utf8mb4 */;
CREATE TABLE `manager` (
  `username` varchar(50) COLLATE utf8mb4_general_ci NOT NULL,
  `password` varchar(50) COLLATE utf8mb4_general_ci NOT NULL,
  PRIMARY KEY (`username`)
) ENGINE=InnoDB DEFAULT CHARSET=utf8mb4 COLLATE=utf8mb4_general_ci;
/*!40101 SET character_set_client = @saved_cs_client */;

--
-- Dumping data for table `manager`
--

LOCK TABLES `manager` WRITE;
/*!40000 ALTER TABLE `manager` DISABLE KEYS */;
INSERT INTO `manager` VALUES ('manager','manager');
/*!40000 ALTER TABLE `manager` ENABLE KEYS */;
UNLOCK TABLES;

--
-- Table structure for table `phong`
--

DROP TABLE IF EXISTS `phong`;
/*!40101 SET @saved_cs_client     = @@character_set_client */;
/*!50503 SET character_set_client = utf8mb4 */;
CREATE TABLE `phong` (
  `sophong` int NOT NULL,
  PRIMARY KEY (`sophong`)
) ENGINE=InnoDB DEFAULT CHARSET=utf8mb4 COLLATE=utf8mb4_general_ci;
/*!40101 SET character_set_client = @saved_cs_client */;

--
-- Dumping data for table `phong`
--

LOCK TABLES `phong` WRITE;
/*!40000 ALTER TABLE `phong` DISABLE KEYS */;
INSERT INTO `phong` VALUES (1),(2),(3),(4),(5),(6),(7),(8),(9),(10),(11),(12),(13),(14),(15),(16),(17),(18),(19),(20),(21),(22),(23),(24),(25),(26),(27),(28),(29),(30),(31),(32),(33),(34),(35),(36),(37),(38),(39),(40),(41),(42),(43),(44),(45),(46),(47),(48),(49),(50),(51),(52),(53),(54),(55);
/*!40000 ALTER TABLE `phong` ENABLE KEYS */;
UNLOCK TABLES;
/*!40103 SET TIME_ZONE=@OLD_TIME_ZONE */;

/*!40101 SET SQL_MODE=@OLD_SQL_MODE */;
/*!40014 SET FOREIGN_KEY_CHECKS=@OLD_FOREIGN_KEY_CHECKS */;
/*!40014 SET UNIQUE_CHECKS=@OLD_UNIQUE_CHECKS */;
/*!40101 SET CHARACTER_SET_CLIENT=@OLD_CHARACTER_SET_CLIENT */;
/*!40101 SET CHARACTER_SET_RESULTS=@OLD_CHARACTER_SET_RESULTS */;
/*!40101 SET COLLATION_CONNECTION=@OLD_COLLATION_CONNECTION */;
/*!40111 SET SQL_NOTES=@OLD_SQL_NOTES */;

-- Dump completed on 2024-01-23 21:42:09
